,age,age,salary,salary
politicalView,left,right,left,right
gender,,,,
F,28.0,29.0,1.4666666666666668,1.7999999999999998
M,22.0,30.333333333333332,2.25,1.8633333333333333
